{
    "name": "root",
    "gauges": {
        "MyBehavior.Policy.Entropy.mean": {
            "value": 1.954309105873108,
            "min": 1.9536044597625732,
            "max": 1.954309105873108,
            "count": 2
        },
        "MyBehavior.Policy.Entropy.sum": {
            "value": 97676.3671875,
            "min": 5157.515625,
            "max": 97676.3671875,
            "count": 2
        },
        "MyBehavior.Environment.EpisodeLength.mean": {
            "value": 31.127868852459017,
            "min": 31.127868852459017,
            "max": 31.737704918032787,
            "count": 2
        },
        "MyBehavior.Environment.EpisodeLength.sum": {
            "value": 47470.0,
            "min": 1936.0,
            "max": 47470.0,
            "count": 2
        },
        "MyBehavior.Step.mean": {
            "value": 699972.0,
            "min": 649996.0,
            "max": 699972.0,
            "count": 2
        },
        "MyBehavior.Step.sum": {
            "value": 699972.0,
            "min": 649996.0,
            "max": 699972.0,
            "count": 2
        },
        "MyBehavior.Policy.ExtrinsicValueEstimate.mean": {
            "value": -42.45024108886719,
            "min": -49.08734893798828,
            "max": -42.45024108886719,
            "count": 2
        },
        "MyBehavior.Policy.ExtrinsicValueEstimate.sum": {
            "value": -69618.3984375,
            "min": -69618.3984375,
            "max": -3141.59033203125,
            "count": 2
        },
        "MyBehavior.Environment.CumulativeReward.mean": {
            "value": -52.234424970721825,
            "min": -52.234424970721825,
            "max": -52.19518346786499,
            "count": 2
        },
        "MyBehavior.Environment.CumulativeReward.sum": {
            "value": -79709.7325053215,
            "min": -79709.7325053215,
            "max": -3131.7110080718994,
            "count": 2
        },
        "MyBehavior.Policy.ExtrinsicReward.mean": {
            "value": -52.234424970721825,
            "min": -52.234424970721825,
            "max": -52.19518346786499,
            "count": 2
        },
        "MyBehavior.Policy.ExtrinsicReward.sum": {
            "value": -79709.7325053215,
            "min": -79709.7325053215,
            "max": -3131.7110080718994,
            "count": 2
        },
        "MyBehavior.IsTraining.mean": {
            "value": 1.0,
            "min": 1.0,
            "max": 1.0,
            "count": 2
        },
        "MyBehavior.IsTraining.sum": {
            "value": 1.0,
            "min": 1.0,
            "max": 1.0,
            "count": 2
        },
        "MyBehavior.Losses.PolicyLoss.mean": {
            "value": 0.02477502664169549,
            "min": 0.02477502664169549,
            "max": 0.02477502664169549,
            "count": 1
        },
        "MyBehavior.Losses.PolicyLoss.sum": {
            "value": 0.12387513320847746,
            "min": 0.12387513320847746,
            "max": 0.12387513320847746,
            "count": 1
        },
        "MyBehavior.Losses.ValueLoss.mean": {
            "value": 5.870422369639079,
            "min": 5.870422369639079,
            "max": 5.870422369639079,
            "count": 1
        },
        "MyBehavior.Losses.ValueLoss.sum": {
            "value": 29.352111848195396,
            "min": 29.352111848195396,
            "max": 29.352111848195396,
            "count": 1
        },
        "MyBehavior.Policy.LearningRate.mean": {
            "value": 0.00016425764524746663,
            "min": 0.00016425764524746663,
            "max": 0.00016425764524746663,
            "count": 1
        },
        "MyBehavior.Policy.LearningRate.sum": {
            "value": 0.0008212882262373332,
            "min": 0.0008212882262373332,
            "max": 0.0008212882262373332,
            "count": 1
        },
        "MyBehavior.Policy.Epsilon.mean": {
            "value": 0.15475253333333336,
            "min": 0.15475253333333336,
            "max": 0.15475253333333336,
            "count": 1
        },
        "MyBehavior.Policy.Epsilon.sum": {
            "value": 0.7737626666666668,
            "min": 0.7737626666666668,
            "max": 0.7737626666666668,
            "count": 1
        },
        "MyBehavior.Policy.Beta.mean": {
            "value": 0.0027421514133333337,
            "min": 0.0027421514133333337,
            "max": 0.0027421514133333337,
            "count": 1
        },
        "MyBehavior.Policy.Beta.sum": {
            "value": 0.013710757066666667,
            "min": 0.013710757066666667,
            "max": 0.013710757066666667,
            "count": 1
        }
    },
    "metadata": {
        "timer_format_version": "0.1.0",
        "start_time_seconds": "1678242747",
        "python_version": "3.8.15 | packaged by conda-forge | (default, Nov 22 2022, 08:49:06) \n[Clang 14.0.6 ]",
        "command_line_arguments": "/opt/homebrew/Caskroom/miniforge/base/envs/unity/bin/mlagents-learn results/testModel6/configuration.yaml --run-id testModel6 --resume",
        "mlagents_version": "0.27.0",
        "mlagents_envs_version": "0.27.0",
        "communication_protocol_version": "1.5.0",
        "pytorch_version": "1.8.0.post3",
        "numpy_version": "1.22.4",
        "end_time_seconds": "1678243060"
    },
    "total": 313.449091125,
    "count": 1,
    "self": 0.0040612500000065666,
    "children": {
        "run_training.setup": {
            "total": 0.022199624999999945,
            "count": 1,
            "self": 0.022199624999999945
        },
        "TrainerController.start_learning": {
            "total": 313.42283025,
            "count": 1,
            "self": 0.058834875001650744,
            "children": {
                "TrainerController._reset_env": {
                    "total": 24.400709333000002,
                    "count": 1,
                    "self": 24.400709333000002
                },
                "TrainerController.advance": {
                    "total": 288.7394311669983,
                    "count": 5201,
                    "self": 0.053390082997736954,
                    "children": {
                        "env_step": {
                            "total": 270.7296226710003,
                            "count": 5201,
                            "self": 268.06989486500026,
                            "children": {
                                "SubprocessEnvManager._take_step": {
                                    "total": 2.620665493000086,
                                    "count": 5201,
                                    "self": 0.1047788320004237,
                                    "children": {
                                        "TorchPolicy.evaluate": {
                                            "total": 2.515886660999662,
                                            "count": 3127,
                                            "self": 0.4292007059996692,
                                            "children": {
                                                "TorchPolicy.sample_actions": {
                                                    "total": 2.086685954999993,
                                                    "count": 3127,
                                                    "self": 2.086685954999993
                                                }
                                            }
                                        }
                                    }
                                },
                                "workers": {
                                    "total": 0.039062312999941895,
                                    "count": 5200,
                                    "self": 0.0,
                                    "children": {
                                        "worker_root": {
                                            "total": 230.90140133500006,
                                            "count": 5200,