{
    "name": "root",
    "metadata": {
        "timer_format_version": "0.1.0",
        "start_time_seconds": "1679128450",
        "python_version": "3.8.15 | packaged by conda-forge | (default, Nov 22 2022, 08:49:06) \n[Clang 14.0.6 ]",
        "command_line_arguments": "/opt/homebrew/Caskroom/miniforge/base/envs/unity/bin/mlagents-learn results/testModel10/configuration.yaml --run-id testModel10 --resume",
        "mlagents_version": "0.27.0",
        "mlagents_envs_version": "0.27.0",
        "communication_protocol_version": "1.5.0",
        "pytorch_version": "1.8.0.post3",
        "numpy_version": "1.22.4",
        "end_time_seconds": "1679128477"
    },
    "total": 26.965378833,
    "count": 1,
    "self": 0.00988504200000051,
    "children": {
        "run_training.setup": {
            "total": 0.025392791000000026,
            "count": 1,
            "self": 0.025392791000000026
        },
        "TrainerController.start_learning": {
            "total": 26.930100999999997,
            "count": 1,
            "self": 0.006631712999990214,
            "children": {
                "TrainerController._reset_env": {
                    "total": 5.90403125,
                    "count": 1,
                    "self": 5.90403125
                },
                "TrainerController.advance": {
                    "total": 20.824685120000005,
                    "count": 528,
                    "self": 0.005813154000033904,
                    "children": {
                        "env_step": {
                            "total": 20.28246948899998,
                            "count": 528,
                            "self": 20.081205918999963,
                            "children": {
                                "SubprocessEnvManager._take_step": {
                                    "total": 0.19734883100001976,
                                    "count": 528,
                                    "self": 0.00781949900000889,
                                    "children": {
                                        "TorchPolicy.evaluate": {
                                            "total": 0.18952933200001087,
                                            "count": 177,
                                            "self": 0.027334671000017075,
                                            "children": {
                                                "TorchPolicy.sample_actions": {
                                                    "total": 0.1621946609999938,
                                                    "count": 177,
                                                    "self": 0.1621946609999938
                                                }
                                            }
                                        }
                                    }
                                },
                                "workers": {
                                    "total": 0.0039147389999980575,
                                    "count": 527,
                                    "self": 0.0,
                                    "children": {
                                        "worker_root": {
                                            "total": 15.061335640000037,
                                            "count": 527,
                                            "is_parallel": true,
                                            "self": 3.7186109740000024,
                                            "children": {
                                                "steps_from_proto": {
                                                    "total": 0.001043915999999978,
                                                    "count": 1,
                                                    "is_parallel": true,
                                                    "self": 0.00035254099999981747,
                                                    "children": {
                                                        "_process_rank_one_or_two_observation": {
                                                            "total": 0.0006913750000001606,
                                                            "count": 4,
                                                            "is_parallel": true,
                                                            "self": 0.0006913750000001606
                                                        }
                                                    }
                                                },
                                                "UnityEnvironment.step": {
                                                    "total": 11.341680750000034,
                                                    "count": 527,
                                                    "is_parallel": true,
                                                    "self": 0.03451736900002089,
                                                    "children": {
                                                        "UnityEnvironment._generate_step_input": {
                                                            "total": 0.21672972099998233,
                                                            "count": 527,
                                                            "is_parallel": true,
                                                            "self": 0.21672972099998233
                                                        },
                                                        "communicator.exchange": {
                                                            "total": 10.88773466400002,
                                                            "count": 527,
                                                            "is_parallel": true,
                                                            "self": 10.88773466400002
                                                        },
                                                        "steps_from_proto": {
                                                            "total": 0.20269899600001207,
                                                            "count": 527,
                                                            "is_parallel": true,
                                                            "self": 0.05199058399999945,
                                                            "children": {
                                                                "_process_rank_one_or_two_observation": {
                                                                    "total": 0.15070841200001261,
                                                                    "count": 2108,
                                                                    "is_parallel": true,
                                                                    "self": 0.15070841200001261
                                                                }
                                                            }
                                                        }
                                                    }
                                                }
                                            }
                                        }
                                    }
                                }
                            }
                        },
                        "trainer_advance": {
                            "total": 0.5364024769999913,
                            "count": 527,
                            "self": 0.007272638999977765,
                            "children": {
                                "process_trajectory": {
                                    "total": 0.5291298380000136,
                                    "count": 527,