{
    "name": "root",
    "gauges": {
        "AICar.Policy.Entropy.mean": {
            "value": 1.869715929031372,
            "min": 1.834133505821228,
            "max": 1.948185682296753,
            "count": 13
        },
        "AICar.Policy.Entropy.sum": {
            "value": 93560.5859375,
            "min": 60362.5859375,
            "max": 94647.0,
            "count": 13
        },
        "AICar.Environment.EpisodeLength.mean": {
            "value": 128.59173126614988,
            "min": 128.25454545454545,
            "max": 162.15,
            "count": 13
        },
        "AICar.Environment.EpisodeLength.sum": {
            "value": 49765.0,
            "min": 29187.0,
            "max": 50071.0,
            "count": 13
        },
        "AICar.Step.mean": {
            "value": 6149998.0,
            "min": 5549975.0,
            "max": 6149998.0,
            "count": 13
        },
        "AICar.Step.sum": {
            "value": 6149998.0,
            "min": 5549975.0,
            "max": 6149998.0,
            "count": 13
        },
        "AICar.Policy.ExtrinsicValueEstimate.mean": {
            "value": 80.70413208007812,
            "min": 68.43057250976562,
            "max": 80.70413208007812,
            "count": 13
        },
        "AICar.Policy.ExtrinsicValueEstimate.sum": {
            "value": 80946.2421875,
            "min": 38528.90234375,
            "max": 80946.2421875,
            "count": 13
        },
        "AICar.Environment.CumulativeReward.mean": {
            "value": 244.43884587842365,
            "min": 207.98645350189952,
            "max": 255.16971413842563,
            "count": 13
        },
        "AICar.Environment.CumulativeReward.sum": {
            "value": 94597.83335494995,
            "min": 44036.36586380005,
            "max": 94625.32417535782,
            "count": 13
        },
        "AICar.Policy.ExtrinsicReward.mean": {
            "value": 244.43884587842365,
            "min": 207.98645350189952,
            "max": 255.16971413842563,
            "count": 13
        },
        "AICar.Policy.ExtrinsicReward.sum": {
            "value": 94597.83335494995,
            "min": 44036.36586380005,
            "max": 94625.32417535782,
            "count": 13
        },
        "AICar.Losses.PolicyLoss.mean": {
            "value": 0.022315638231423997,
            "min": 0.01998927812790498,
            "max": 0.026342666131677107,
            "count": 13
        },
        "AICar.Losses.PolicyLoss.sum": {
            "value": 0.11157819115711998,
            "min": 0.052685332263354215,
            "max": 0.120173220623595,
            "count": 13
        },
        "AICar.Losses.ValueLoss.mean": {
            "value": 328.3809436035157,
            "min": 159.47445124308268,
            "max": 328.3809436035157,
            "count": 13
        },
        "AICar.Losses.ValueLoss.sum": {
            "value": 1641.9047180175783,
            "min": 358.19817377726235,
            "max": 1641.9047180175783,
            "count": 13
        },
        "AICar.Policy.LearningRate.mean": {
            "value": 0.00011621624526127198,
            "min": 0.00011621624526127198,
            "max": 0.000133944430351875,
            "count": 13
        },
        "AICar.Policy.LearningRate.sum": {
            "value": 0.0005810812263063599,
            "min": 0.00026788886070375,
            "max": 0.00066433143855628,
            "count": 13
        },
        "AICar.Policy.Epsilon.mean": {
            "value": 0.138738728,
            "min": 0.138738728,
            "max": 0.144648125,
            "count": 13
        },
        "AICar.Policy.Epsilon.sum": {
            "value": 0.69369364,
            "min": 0.28929625,
            "max": 0.7214437200000001,
            "count": 13
        },
        "AICar.Policy.Beta.mean": {
            "value": 0.0019430625272000006,
            "min": 0.0019430625272000006,
            "max": 0.002237941437500001,
            "count": 13
        },
        "AICar.Policy.Beta.sum": {
            "value": 0.009715312636000003,
            "min": 0.004475882875000002,
            "max": 0.011100041628,
            "count": 13
        },
        "AICar.IsTraining.mean": {
            "value": 1.0,
            "min": 1.0,
            "max": 1.0,
            "count": 13
        },
        "AICar.IsTraining.sum": {
            "value": 1.0,
            "min": 1.0,
            "max": 1.0,
            "count": 13
        }
    },
    "metadata": {
        "timer_format_version": "0.1.0",
        "start_time_seconds": "1678977257",
        "python_version": "3.8.15 | packaged by conda-forge | (default, Nov 22 2022, 08:49:06) \n[Clang 14.0.6 ]",
        "command_line_arguments": "/opt/homebrew/Caskroom/miniforge/base/envs/unity/bin/mlagents-learn results/testModel10/configuration.yaml --run-id testModel10 --resume",
        "mlagents_version": "0.27.0",
        "mlagents_envs_version": "0.27.0",
        "communication_protocol_version": "1.5.0",
        "pytorch_version": "1.8.0.post3",
        "numpy_version": "1.22.4",
        "end_time_seconds": "1678978188"
    },
    "total": 931.512841917,
    "count": 1,
    "self": 0.004270999999903324,
    "children": {
        "run_training.setup": {
            "total": 0.01935566700000002,
            "count": 1,
            "self": 0.01935566700000002
        },
        "TrainerController.start_learning": {
            "total": 931.48921525,
            "count": 1,
            "self": 0.37921032800829835,
            "children": {
                "TrainerController._reset_env": {
                    "total": 7.581504208,
                    "count": 1,
                    "self": 7.581504208
                },
                "TrainerController.advance": {
                    "total": 923.3797473799918,
                    "count": 31282,
                    "self": 0.34527409700194767,
                    "children": {
                        "env_step": {
                            "total": 808.3084114869996,
                            "count": 31282,
                            "self": 782.2242427369899,
                            "children": {
                                "SubprocessEnvManager._take_step": {
                                    "total": 25.84514234301053,
                                    "count": 31282,
                                    "self": 0.8228135950078794,
                                    "children": {
                                        "TorchPolicy.evaluate": {
                                            "total": 25.02232874800265,
                                            "count": 27597,
                                            "self": 3.91976567899453,
                                            "children": {
                                                "TorchPolicy.sample_actions": {
                                                    "total": 21.10256306900812,
                                                    "count": 27597,
                                                    "self": 21.10256306900812
                                                }
                                            }
                                        }
                                    }
                                },
                                "workers": {
                                    "total": 0.23902640699908417,
                                    "count": 31281,
                                    "self": 0.0,
                                    "children": {
                                        "worker_root": {
                                            "total": 925.7049754989996,
                                            "count": 31281,
                                            "is_parallel": true,
                                            "self": 169.72811469199405,