{
    "name": "root",
    "gauges": {
        "AICar.Policy.Entropy.mean": {
            "value": 0.9730747938156128,
            "min": 0.9097095131874084,
            "max": 1.2847354412078857,
            "count": 80
        },
        "AICar.Policy.Entropy.sum": {
            "value": 1941.2841796875,
            "min": 386.68865966796875,
            "max": 2574.60986328125,
            "count": 80
        },
        "AICar.Step.mean": {
            "value": 265993.0,
            "min": 107994.0,
            "max": 265993.0,
            "count": 80
        },
        "AICar.Step.sum": {
            "value": 265993.0,
            "min": 107994.0,
            "max": 265993.0,
            "count": 80
        },
        "AICar.Policy.ExtrinsicValue.mean": {
            "value": -1.078888177871704,
            "min": -1.5216491222381592,
            "max": -1.0448366403579712,
            "count": 80
        },
        "AICar.Policy.ExtrinsicValue.sum": {
            "value": -357.11199951171875,
            "min": -409.97857666015625,
            "max": -67.07564544677734,
            "count": 80
        },
        "AICar.Environment.EpisodeLength.mean": {
            "value": 10.022099447513812,
            "min": 9.837837837837839,
            "max": 26.465753424657535,
            "count": 80
        },
        "AICar.Environment.EpisodeLength.sum": {
            "value": 1814.0,
            "min": 307.0,
            "max": 1933.0,
            "count": 80
        },
        "AICar.Environment.CumulativeReward.mean": {
            "value": -0.9681270626368443,
            "min": -0.9909020758544406,
            "max": -0.9284481808363673,
            "count": 80
        },
        "AICar.Environment.CumulativeReward.sum": {
            "value": -175.23099833726883,
            "min": -179.19319930672646,
            "max": -25.024399638175964,
            "count": 80
        },
        "AICar.Policy.ExtrinsicReward.mean": {
            "value": -0.9681270626368443,
            "min": -0.9909020758544406,
            "max": -0.9284481808363673,
            "count": 80
        },
        "AICar.Policy.ExtrinsicReward.sum": {
            "value": -175.23099833726883,
            "min": -179.19319930672646,
            "max": -25.024399638175964,
            "count": 80
        },
        "AICar.IsTraining.mean": {
            "value": 1.0,
            "min": 1.0,
            "max": 1.0,
            "count": 80
        },
        "AICar.IsTraining.sum": {
            "value": 1.0,
            "min": 1.0,
            "max": 1.0,
            "count": 80
        },
        "AICar.Losses.PolicyLoss.mean": {
            "value": 1.1117566490830635,
            "min": 0.6419517577142644,
            "max": 1.5119744634628296,
            "count": 77
        },
        "AICar.Losses.PolicyLoss.sum": {
            "value": 443.5909029841423,
            "min": 199.42550553381443,
            "max": 604.7897853851318,
            "count": 77
        },
        "AICar.Losses.ValueLoss.mean": {
            "value": 0.003910951268780285,
            "min": 0.0028183925889041753,
            "max": 0.01797697835349925,
            "count": 77
        },
        "AICar.Losses.ValueLoss.sum": {
            "value": 1.5604695562433335,
            "min": 1.124538642972766,
            "max": 7.1728143630462,
            "count": 77
        },
        "AICar.Losses.Q1Loss.mean": {
            "value": 0.0009387928051485991,
            "min": 0.0008762189215593294,
            "max": 0.01707581051667326,
            "count": 77
        },
        "AICar.Losses.Q1Loss.sum": {
            "value": 0.374578329254291,
            "min": 0.34961134970217245,
            "max": 6.8132483961526304,
            "count": 77
        },
        "AICar.Losses.Q2Loss.mean": {
            "value": 0.003783495604262785,
            "min": 0.0029427159631876905,
            "max": 0.035768392852351144,
            "count": 77
        },
        "AICar.Losses.Q2Loss.sum": {
            "value": 1.5096147461008513,
            "min": 1.1741436693118885,
            "max": 14.271588748088107,
            "count": 77
        },
        "AICar.Policy.ContinuousEntropyCoeff.mean": {
            "value": 0.0005751520097384084,
            "min": 0.00047767207729350076,
            "max": 0.09557501709416565,
            "count": 77
        },
        "AICar.Policy.ContinuousEntropyCoeff.sum": {
            "value": 0.22948565188562497,
            "min": 0.1905911588401068,
            "max": 34.115597642958164,
            "count": 77
        },
        "AICar.Policy.LearningRate.mean": {
            "value": 0.00030000000000000003,
            "min": 0.0002999999999999999,
            "max": 0.00030000000000000003,
            "count": 77
        },
        "AICar.Policy.LearningRate.sum": {
            "value": 0.1197,
            "min": 0.0801,
            "max": 0.12059999999999998,
            "count": 77
        }
    },
    "metadata": {
        "timer_format_version": "0.1.0",
        "start_time_seconds": "1680484861",
        "python_version": "3.8.16 (default, Mar  2 2023, 03:21:46) \n[GCC 11.2.0]",
        "command_line_arguments": "/home/hyunji12/anaconda3/envs/unity/bin/mlagents-learn results/lastTestsac/configuration.yaml --run-id sac2 --resume",
        "mlagents_version": "0.27.0",
        "mlagents_envs_version": "0.27.0",
        "communication_protocol_version": "1.5.0",
        "pytorch_version": "1.8.1+cu102",
        "numpy_version": "1.20.0",
        "end_time_seconds": "1680486688"
    },
    "total": 1827.0474388430011,
    "count": 1,
    "self": 0.0033974250545725226,
    "children": {
        "run_training.setup": {
            "total": 0.013156593951862305,
            "count": 1,
            "self": 0.013156593951862305
        },
        "TrainerController.start_learning": {
            "total": 1827.0308848239947,
            "count": 1,
            "self": 2.7971574006369337,
            "children": {
                "TrainerController._reset_env": {
                    "total": 8.213970383978449,
                    "count": 1,
                    "self": 8.213970383978449
                },
                "TrainerController.advance": {
                    "total": 1815.9736378294183,
                    "count": 169062,
                    "self": 2.6122439081664197,
                    "children": {
                        "env_step": {
                            "total": 1462.2422830914147,
                            "count": 169062,
                            "self": 1298.4837862136192,
                            "children": {
                                "SubprocessEnvManager._take_step": {
                                    "total": 161.92261094413698,
                                    "count": 169062,
                                    "self": 7.600396544439718,
                                    "children": {
                                        "TorchPolicy.evaluate": {
                                            "total": 154.32221439969726,
                                            "count": 159001,
                                            "self": 42.90967810212169,
                                            "children": {
                                                "TorchPolicy.sample_actions": {
                                                    "total": 111.41253629757557,
                                                    "count": 159001,
                                                    "self": 111.41253629757557
                                                }
                                            }
                                        }
                                    }
                                },
                                "workers": {
                                    "total": 1.8358859336585738,
                                    "count": 169061,