{
    "name": "root",
    "metadata": {
        "timer_format_version": "0.1.0",
        "start_time_seconds": "1678100478",
        "python_version": "3.8.15 | packaged by conda-forge | (default, Nov 22 2022, 08:49:06) \n[Clang 14.0.6 ]",
        "command_line_arguments": "/opt/homebrew/Caskroom/miniforge/base/envs/unity/bin/mlagents-learn --run-id testModel4 --force",
        "mlagents_version": "0.27.0",
        "mlagents_envs_version": "0.27.0",
        "communication_protocol_version": "1.5.0",
        "pytorch_version": "1.8.0.post3",
        "numpy_version": "1.22.4",
        "end_time_seconds": "1678100529"
    },
    "total": 50.786531667,
    "count": 1,
    "self": 0.002867416000000844,
    "children": {
        "run_training.setup": {
            "total": 0.020388167000000013,
            "count": 1,
            "self": 0.020388167000000013
        },
        "TrainerController.start_learning": {
            "total": 50.763276084,
            "count": 1,
            "self": 0.021635460999867462,
            "children": {
                "TrainerController._reset_env": {
                    "total": 11.978951041,
                    "count": 1,
                    "self": 11.978951041
                },
                "TrainerController.advance": {
                    "total": 38.61510666500013,
                    "count": 2194,
                    "self": 0.021257641000261174,
                    "children": {
                        "env_step": {
                            "total": 35.10765504699996,
                            "count": 2194,
                            "self": 33.92770940399981,
                            "children": {
                                "SubprocessEnvManager._take_step": {
                                    "total": 1.1654295020001033,
                                    "count": 2194,
                                    "self": 0.045694836999972566,
                                    "children": {
                                        "TorchPolicy.evaluate": {
                                            "total": 1.1197346650001307,
                                            "count": 2031,
                                            "self": 0.24469807200027205,
                                            "children": {
                                                "TorchPolicy.sample_actions": {
                                                    "total": 0.8750365929998587,
                                                    "count": 2031,
                                                    "self": 0.8750365929998587
                                                }
                                            }
                                        }
                                    }
                                },
                                "workers": {
                                    "total": 0.014516141000042282,
                                    "count": 2193,
                                    "self": 0.0,
                                    "children": {
                                        "worker_root": {
                                            "total": 40.95931943399995,
                                            "count": 2193,
                                            "is_parallel": true,
                                            "self": 8.313243818000089,
                                            "children": {
                                                "steps_from_proto": {
                                                    "total": 0.001985207999998906,
                                                    "count": 1,
                                                    "is_parallel": true,
                                                    "self": 0.0010933329999982533,
                                                    "children": {
                                                        "_process_rank_one_or_two_observation": {
                                                            "total": 0.0008918750000006526,
                                                            "count": 4,
                                                            "is_parallel": true,
                                                            "self": 0.0008918750000006526
                                                        }
                                                    }
                                                },
                                                "UnityEnvironment.step": {
                                                    "total": 32.64409040799986,
                                                    "count": 2193,
                                                    "is_parallel": true,
                                                    "self": 0.1028106649999998,
                                                    "children": {
                                                        "UnityEnvironment._generate_step_input": {
                                                            "total": 0.4981386659999032,
                                                            "count": 2193,
                                                            "is_parallel": true,
                                                            "self": 0.4981386659999032
                                                        },
                                                        "communicator.exchange": {
                                                            "total": 31.34096887299995,
                                                            "count": 2193,
                                                            "is_parallel": true,
                                                            "self": 31.34096887299995
                                                        },
                                                        "steps_from_proto": {
                                                            "total": 0.7021722040000107,
                                                            "count": 2193,
                                                            "is_parallel": true,
                                                            "self": 0.21985393000031728,
                                                            "children": {
                                                                "_process_rank_one_or_two_observation": {
                                                                    "total": 0.4823182739996934,
                                                                    "count": 8772,
                                                                    "is_parallel": true,
                                                                    "self": 0.4823182739996934
                                                                }
                                                            }
                                                        }
                                                    }
                                                }
                                            }
                                        }
                                    }
                                }
                            }
                        },
                        "trainer_advance": {
                            "total": 3.486193976999905,
                            "count": 2193,
                            "self": 0.03272170099995009,
                            "children": {
                                "process_trajectory": {
                                    "total": 0.9584071089999515,
                                    "count": 2193,
                                    "self": 0.9584071089999515
                                },