{
    "name": "root",
    "gauges": {
        "MyBehavior.Policy.Entropy.mean": {
            "value": 1.3638312816619873,
            "min": 1.3591928482055664,
            "max": 1.4206255674362183,
            "count": 12
        },
        "MyBehavior.Policy.Entropy.sum": {
            "value": 68184.7421875,
            "min": 60851.07421875,
            "max": 71053.234375,
            "count": 12
        },
        "MyBehavior.Environment.EpisodeLength.mean": {
            "value": 90.78966789667896,
            "min": 85.59511343804537,
            "max": 95.41188118811881,
            "count": 12
        },
        "MyBehavior.Environment.EpisodeLength.sum": {
            "value": 49208.0,
            "min": 40996.0,
            "max": 49965.0,
            "count": 12
        },
        "MyBehavior.Step.mean": {
            "value": 3399974.0,
            "min": 2849954.0,
            "max": 3399974.0,
            "count": 12
        },
        "MyBehavior.Step.sum": {
            "value": 3399974.0,
            "min": 2849954.0,
            "max": 3399974.0,
            "count": 12
        },
        "MyBehavior.Policy.ExtrinsicValueEstimate.mean": {
            "value": -2.893235683441162,
            "min": -4.175710678100586,
            "max": 5.343907356262207,
            "count": 12
        },
        "MyBehavior.Policy.ExtrinsicValueEstimate.sum": {
            "value": -2953.99365234375,
            "min": -4249.986328125,
            "max": 4349.9404296875,
            "count": 12
        },
        "MyBehavior.Environment.CumulativeReward.mean": {
            "value": -12.801872619403685,
            "min": -16.315770042541363,
            "max": -11.411843094406265,
            "count": 12
        },
        "MyBehavior.Environment.CumulativeReward.sum": {
            "value": -6938.614959716797,
            "min": -8381.83087348938,
            "max": -6356.39660358429,
            "count": 12
        },
        "MyBehavior.Policy.ExtrinsicReward.mean": {
            "value": -12.801872619403685,
            "min": -16.315770042541363,
            "max": -11.411843094406265,
            "count": 12
        },
        "MyBehavior.Policy.ExtrinsicReward.sum": {
            "value": -6938.614959716797,
            "min": -8381.83087348938,
            "max": -6356.39660358429,
            "count": 12
        },
        "MyBehavior.Losses.PolicyLoss.mean": {
            "value": 0.023308372055956476,
            "min": 0.021565723392996006,
            "max": 0.025011289141257297,
            "count": 12
        },
        "MyBehavior.Losses.PolicyLoss.sum": {
            "value": 0.11654186027978237,
            "min": 0.08626289357198402,
            "max": 0.1250564457062865,
            "count": 12
        },
        "MyBehavior.Losses.ValueLoss.mean": {
            "value": 17.545659885406497,
            "min": 17.545659885406497,
            "max": 30.97480703989665,
            "count": 12
        },
        "MyBehavior.Losses.ValueLoss.sum": {
            "value": 87.72829942703248,
            "min": 78.16872034072875,
            "max": 123.8992281595866,
            "count": 12
        },
        "MyBehavior.Policy.LearningRate.mean": {
            "value": 9.762831145725199e-05,
            "min": 9.762831145725199e-05,
            "max": 0.000129974921675045,
            "count": 12
        },
        "MyBehavior.Policy.LearningRate.sum": {
            "value": 0.00048814155728625993,
            "min": 0.00041392244202594005,
            "max": 0.0006236908721031399,
            "count": 12
        },
        "MyBehavior.Policy.Epsilon.mean": {
            "value": 0.13254274800000004,
            "min": 0.13254274800000004,
            "max": 0.143324955,
            "count": 12
        },
        "MyBehavior.Policy.Epsilon.sum": {
            "value": 0.6627137400000003,
            "min": 0.53797406,
            "max": 0.7078968600000001,
            "count": 12
        },
        "MyBehavior.Policy.Beta.mean": {
            "value": 0.0016338831252000006,
            "min": 0.0016338831252000006,
            "max": 0.0021719152545000005,
            "count": 12
        },
        "MyBehavior.Policy.Beta.sum": {
            "value": 0.008169415626000003,
            "min": 0.006924905594000001,
            "max": 0.010424053314,
            "count": 12
        },
        "MyBehavior.IsTraining.mean": {
            "value": 1.0,
            "min": 1.0,
            "max": 1.0,
            "count": 12
        },
        "MyBehavior.IsTraining.sum": {
            "value": 1.0,
            "min": 1.0,
            "max": 1.0,
            "count": 12
        }
    },
    "metadata": {
        "timer_format_version": "0.1.0",
        "start_time_seconds": "1678116247",
        "python_version": "3.8.15 | packaged by conda-forge | (default, Nov 22 2022, 08:49:06) \n[Clang 14.0.6 ]",
        "command_line_arguments": "/opt/homebrew/Caskroom/miniforge/base/envs/unity/bin/mlagents-learn results/testModel5/configuration.yaml --run-id testModel5 --resume",
        "mlagents_version": "0.27.0",
        "mlagents_envs_version": "0.27.0",
        "communication_protocol_version": "1.5.0",
        "pytorch_version": "1.8.0.post3",
        "numpy_version": "1.22.4",
        "end_time_seconds": "1678117269"
    },
    "total": 1021.90531075,
    "count": 1,
    "self": 0.004097249999972519,
    "children": {
        "run_training.setup": {
            "total": 0.02184000000000008,
            "count": 1,
            "self": 0.02184000000000008
        },
        "TrainerController.start_learning": {
            "total": 1021.8793735,
            "count": 1,
            "self": 0.3125959119987556,
            "children": {
                "TrainerController._reset_env": {
                    "total": 48.590950416999995,
                    "count": 1,
                    "self": 48.590950416999995
                },
                "TrainerController.advance": {
                    "total": 972.8652121710013,
                    "count": 24162,
                    "self": 0.25980131701771825,
                    "children": {
                        "env_step": {
                            "total": 869.5112230579899,
                            "count": 24162,
                            "self": 852.2931148449886,
                            "children": {
                                "SubprocessEnvManager._take_step": {
                                    "total": 17.027104194998188,
                                    "count": 24162,
                                    "self": 0.6333579209998916,
                                    "children": {
                                        "TorchPolicy.evaluate": {
                                            "total": 16.393746273998296,
                                            "count": 18894,
                                            "self": 2.6817041080008224,
                                            "children": {
                                                "TorchPolicy.sample_actions": {
                                                    "total": 13.712042165997474,
                                                    "count": 18894,
                                                    "self": 13.712042165997474
                                                }
                                            }
                                        }
                                    }
                                },
                                "workers": {
                                    "total": 0.19100401800312028,
                                    "count": 24161,
                                    "self": 0.0,
                                    "children": {
                                        "worker_root": {
                                            "total": 975.1530547599947,
                                            "count": 24161,