{
    "name": "root",
    "gauges": {
        "AICar.Policy.Entropy.mean": {
            "value": -1.5219812610212102e-07,
            "min": -1.5219812610212102e-07,
            "max": 0.01196351833641529,
            "count": 53
        },
        "AICar.Policy.Entropy.sum": {
            "value": -0.0003100275935139507,
            "min": -0.0003105510550085455,
            "max": 24.872154235839844,
            "count": 53
        },
        "AICar.Step.mean": {
            "value": 119996.0,
            "min": 15995.0,
            "max": 119996.0,
            "count": 53
        },
        "AICar.Step.sum": {
            "value": 119996.0,
            "min": 15995.0,
            "max": 119996.0,
            "count": 53
        },
        "AICar.Policy.ExtrinsicValue.mean": {
            "value": -1.864208698272705,
            "min": -1.8916720151901245,
            "max": 31.01556396484375,
            "count": 53
        },
        "AICar.Policy.ExtrinsicValue.sum": {
            "value": -438.08905029296875,
            "min": -442.6512451171875,
            "max": 6792.40869140625,
            "count": 53
        },
        "AICar.IsTraining.mean": {
            "value": 1.0,
            "min": 1.0,
            "max": 1.0,
            "count": 53
        },
        "AICar.IsTraining.sum": {
            "value": 1.0,
            "min": 1.0,
            "max": 1.0,
            "count": 53
        },
        "AICar.Losses.PolicyLoss.mean": {
            "value": 3.04664020020434,
            "min": -60.19738328896815,
            "max": 3.04664020020434,
            "count": 52
        },
        "AICar.Losses.PolicyLoss.sum": {
            "value": 597.1414792400506,
            "min": -12822.042640550215,
            "max": 604.6748938231929,
            "count": 52
        },
        "AICar.Losses.ValueLoss.mean": {
            "value": 0.008503964209112863,
            "min": 0.006318093346489264,
            "max": 0.3768744779918411,
            "count": 52
        },
        "AICar.Losses.ValueLoss.sum": {
            "value": 1.6667769849861211,
            "min": 1.2762548559908313,
            "max": 79.89738933427031,
            "count": 52
        },
        "AICar.Losses.Q1Loss.mean": {
            "value": 0.023736643379634555,
            "min": 0.023736643379634555,
            "max": 7.9065468316195044,
            "count": 52
        },
        "AICar.Losses.Q1Loss.sum": {
            "value": 4.652382102408373,
            "min": 4.652382102408373,
            "max": 1676.187928303335,
            "count": 52
        },
        "AICar.Losses.Q2Loss.mean": {
            "value": 0.018412564040958816,
            "min": 0.018412564040958816,
            "max": 7.865060217275517,
            "count": 52
        },
        "AICar.Losses.Q2Loss.sum": {
            "value": 3.6088625520279276,
            "min": 3.6088625520279276,
            "max": 1667.3927660624097,
            "count": 52
        },
        "AICar.Policy.DiscreteEntropyCoeff.mean": {
            "value": 1.1037073752386384,
            "min": 0.051555045661135744,
            "max": 1.1037073752386384,
            "count": 52
        },
        "AICar.Policy.DiscreteEntropyCoeff.sum": {
            "value": 216.3266455467731,
            "min": 10.952963506497563,
            "max": 216.3266455467731,
            "count": 52
        },
        "AICar.Policy.ContinuousEntropyCoeff.mean": {
            "value": 0.04999999701976776,
            "min": 0.04999999701976776,
            "max": 0.04999999701976776,
            "count": 52
        },
        "AICar.Policy.ContinuousEntropyCoeff.sum": {
            "value": 9.799999415874481,
            "min": 9.399999439716339,
            "max": 10.649999365210533,
            "count": 52
        },
        "AICar.Policy.LearningRate.mean": {
            "value": 0.0003,
            "min": 0.0002999999999999999,
            "max": 0.00030000000000000003,
            "count": 52
        },
        "AICar.Policy.LearningRate.sum": {
            "value": 0.0588,
            "min": 0.0564,
            "max": 0.0639,
            "count": 52
        },
        "AICar.Environment.EpisodeLength.mean": {
            "value": 19.52777777777778,
            "min": 16.902912621359224,
            "max": 89.52380952380952,
            "count": 52
        },
        "AICar.Environment.EpisodeLength.sum": {
            "value": 2109.0,
            "min": 1625.0,
            "max": 2435.0,
            "count": 52
        },
        "AICar.Environment.CumulativeReward.mean": {
            "value": -2.0969942926273992,
            "min": -3.989409559583735,
            "max": -2.022273776510242,
            "count": 52
        },
        "AICar.Environment.CumulativeReward.sum": {
            "value": -220.1844007258769,
            "min": -220.26339984638616,
            "max": -83.77760075125843,
            "count": 52
        },
        "AICar.Policy.ExtrinsicReward.mean": {
            "value": -2.0969942926273992,
            "min": -3.989409559583735,
            "max": -2.022273776510242,
            "count": 52
        },
        "AICar.Policy.ExtrinsicReward.sum": {
            "value": -220.1844007258769,
            "min": -220.26339984638616,
            "max": -83.77760075125843,
            "count": 52
        }
    },
    "metadata": {
        "timer_format_version": "0.1.0",
        "start_time_seconds": "1680412061",
        "python_version": "3.8.16 (default, Mar  2 2023, 03:21:46) \n[GCC 11.2.0]",
        "command_line_arguments": "/home/hyunji12/anaconda3/envs/unity/bin/mlagents-learn results/testsac2/configuration.yaml --run-id testsac2 --resume",
        "mlagents_version": "0.27.0",
        "mlagents_envs_version": "0.27.0",
        "communication_protocol_version": "1.5.0",
        "pytorch_version": "1.8.1+cu102",
        "numpy_version": "1.20.0",
        "end_time_seconds": "1680412451"
    },
    "total": 390.1367272519856,
    "count": 1,
    "self": 0.003588742983993143,
    "children": {
        "run_training.setup": {
            "total": 0.013976540009025484,
            "count": 1,
            "self": 0.013976540009025484
        },
        "TrainerController.start_learning": {
            "total": 390.11916196899256,
            "count": 1,
            "self": 0.1465036240988411,
            "children": {
                "TrainerController._reset_env": {
                    "total": 6.832082457956858,
                    "count": 1,
                    "self": 6.832082457956858
                },
                "TrainerController.advance": {
                    "total": 383.0749197899713,
                    "count": 6326,
                    "self": 0.11380350217223167,
                    "children": {
                        "env_step": {
                            "total": 161.87474778998876,
                            "count": 6326,
                            "self": 153.69475379562937,
                            "children": {
                                "SubprocessEnvManager._take_step": {
                                    "total": 8.110163973993622,
                                    "count": 6326,
                                    "self": 0.30041471699951217,
                                    "children": {
                                        "TorchPolicy.evaluate": {
                                            "total": 7.80974925699411,
                                            "count": 5014,
                                            "self": 2.1257230256451294,
                                            "children": {
                                                "TorchPolicy.sample_actions": {
                                                    "total": 5.68402623134898,
                                                    "count": 5014,