{"count":1,"self":109.9295104,"total":110.0571456,"children":{"InitializeActuators":{"count":1,"self":0.0019905,"total":0.0019905,"children":null},"InitializeSensors":{"count":1,"self":0.0019967,"total":0.0019967,"children":null},"AgentSendState":{"count":5093,"self":0.047861999999999995,"total":0.066807499999999992,"children":{"CollectObservations":{"count":1019,"self":0.0079775,"total":0.0079775,"children":null},"WriteActionMask":{"count":1019,"self":0.0009973,"total":0.0009973,"children":null},"RequestDecision":{"count":1019,"self":0.0069796999999999993,"total":0.009970699999999999,"children":{"RayPerceptionSensor.Perceive":{"count":1019,"self":0.0029909999999999997,"total":0.0029909999999999997,"children":null}}}}},"DecideAction":{"count":5093,"self":0.028922399999999997,"total":0.028922399999999997,"children":null},"AgentAct":{"count":5093,"self":0.0259264,"total":0.0259264,"children":null},"RayPerceptionSensor.Perceive":{"count":20,"self":0.00099819999999999987,"total":0.00099819999999999987,"children":null}},"gauges":{"AI Car.CumulativeReward":{"count":20,"max":-1.7571981,"min":-1.9612,"runningAverage":-1.90157974,"value":-1.94080007,"weightedAverage":-1.89203835}},"metadata":{"timer_format_version":"0.1.0","start_time_seconds":"1680770494","unity_version":"2021.3.14f1","command_line_arguments":"D:\\2021.3.14f1\\Editor\\Unity.exe -projectPath C:\\Users\\USER\\Documents\\GitHub\\capstone-2023-18\\UnityProject","communication_protocol_version":"1.5.0","com.unity.ml-agents_version":"2.0.1","scene_name":"Kookmin","end_time_seconds":"1680770604"}}