{"count":1,"self":948.3355136,"total":1821.5284359999998,"children":{"InitializeActuators":{"count":1,"self":0.001606,"total":0.001606,"children":null},"InitializeSensors":{"count":1,"self":0.0022489999999999997,"total":0.0022489999999999997,"children":null},"AgentSendState":{"count":795017,"self":6.8314559999999993,"total":10.235244999999999,"children":{"CollectObservations":{"count":159004,"self":0.412877,"total":0.412877,"children":null},"WriteActionMask":{"count":159004,"self":0.091682,"total":0.091682,"children":null},"RequestDecision":{"count":159004,"self":0.534629,"total":2.8992299999999998,"children":{"AgentInfo.ToProto":{"count":159004,"self":0.577572,"total":2.364601,"children":{"GenerateSensorData":{"count":159004,"self":1.5469009999999999,"total":1.787029,"children":{"RayPerceptionSensor.Perceive":{"count":159004,"self":0.24012799999999998,"total":0.24012799999999998,"children":null}}}}}}}}},"DecideAction":{"count":795017,"self":861.60332799999992,"total":861.60337299999992,"children":null},"AgentAct":{"count":795017,"self":1.137955,"total":1.137955,"children":null},"AgentInfo.ToProto":{"count":12605,"self":0.051822,"total":0.21204099999999998,"children":{"GenerateSensorData":{"count":12605,"self":0.130635,"total":0.160219,"children":{"RayPerceptionSensor.Perceive":{"count":12605,"self":0.029584,"total":0.029584,"children":null}}}}}},"gauges":{"AI Car.CumulativeReward":{"count":12605,"max":-0.7426006,"min":-1.96580112,"runningAverage":-0.9662059,"value":-0.960999966,"weightedAverage":-0.96534276}},"metadata":{"timer_format_version":"0.1.0","start_time_seconds":"1680484866","unity_version":"2021.3.14f1","command_line_arguments":"\/home\/hyunji12\/Unity\/Hub\/Editor\/2021.3.14f1\/Editor\/Unity -projectpath \/home\/hyunji12\/temp\/capstone-2023-18\/UnityProject -useHub -hubIPC -cloudEnvironment production -licensingIpc LicenseClient-hyunji12 -hubSessionId a2f0a0f0-cd50-11ed-bfcf-31fb8c470763 -accessToken 5iu-KucogM15dXGEtssX0UsJ1cBBfuL6O2NHMaHBRHM00df","communication_protocol_version":"1.5.0","com.unity.ml-agents_version":"2.0.1","scene_name":"Kookmin","end_time_seconds":"1680486688"}}