{"count":1,"self":115.8068352,"total":118.24926529999999,"children":{"InitializeActuators":{"count":1,"self":0.00099669999999999989,"total":0.00099669999999999989,"children":null},"InitializeSensors":{"count":1,"self":0.0039867999999999995,"total":0.0039867999999999995,"children":null},"AgentSendState":{"count":6803,"self":0.1792732,"total":0.2095786,"children":{"CollectObservations":{"count":1361,"self":0.0081133,"total":0.0081133,"children":null},"WriteActionMask":{"count":1361,"self":0.0020020999999999997,"total":0.0020020999999999997,"children":null},"RequestDecision":{"count":1361,"self":0.02019,"total":0.02019,"children":null}}},"DecideAction":{"count":6803,"self":2.1847719999999997,"total":2.1947465,"children":{"RayPerceptionSensor.Perceive":{"count":1361,"self":0.0099744,"total":0.0099744,"children":null}}},"AgentAct":{"count":6803,"self":0.032119499999999995,"total":0.032119499999999995,"children":null}},"gauges":{"AI Car.CumulativeReward":{"count":1,"max":585.1677,"min":585.1677,"runningAverage":585.1677,"value":585.1677,"weightedAverage":585.1677}},"metadata":{"timer_format_version":"0.1.0","start_time_seconds":"1684727847","unity_version":"2021.3.14f1","command_line_arguments":"C:\\Program Files\\Unity\\Hub\\Editor\\2021.3.14f1\\Editor\\Unity.exe -projectpath D:\\capstone-2023-18\\UnityProject -useHub -hubIPC -cloudEnvironment production -licensingIpc LicenseClient-cdsyw -hubSessionId 0ef224b0-f847-11ed-97d5-af9b894ec721 -accessToken ZvdI2ORRnbrl41xJXg1yWzPd609TWSaAJuGksjhbV-M00df","communication_protocol_version":"1.5.0","com.unity.ml-agents_version":"2.0.1","scene_name":"Kookmin","end_time_seconds":"1684727965"}}