{"count":1,"self":143.2280832,"total":143.387993,"children":{"InitializeActuators":{"count":1,"self":0.0010789999999999999,"total":0.0010789999999999999,"children":null},"InitializeSensors":{"count":1,"self":0.0012799999999999999,"total":0.0012799999999999999,"children":null},"AgentSendState":{"count":7128,"self":0.093979,"total":0.111162,"children":{"CollectObservations":{"count":1426,"self":0.0070869999999999995,"total":0.0070869999999999995,"children":null},"WriteActionMask":{"count":1426,"self":0.002025,"total":0.002025,"children":null},"RequestDecision":{"count":1426,"self":0.0047199999999999994,"total":0.008071,"children":{"RayPerceptionSensor.Perceive":{"count":1426,"self":0.003351,"total":0.003351,"children":null}}}}},"DecideAction":{"count":7128,"self":0.024652999999999998,"total":0.024652999999999998,"children":null},"AgentAct":{"count":7128,"self":0.021152999999999998,"total":0.021152999999999998,"children":null},"RayPerceptionSensor.Perceive":{"count":16,"self":5.4999999999999995E-05,"total":5.4999999999999995E-05,"children":null}},"gauges":{"testModel7.CumulativeReward":{"count":16,"max":68.3375854,"min":-104.120735,"runningAverage":-34.2016373,"value":31.04316,"weightedAverage":-24.6115932}},"metadata":{"timer_format_version":"0.1.0","start_time_seconds":"1678701168","unity_version":"2021.3.14f1","command_line_arguments":"\/Applications\/Unity\/Hub\/Editor\/2021.3.14f1\/Unity.app\/Contents\/MacOS\/Unity -projectpath \/Users\/seonghyun\/Documents\/GitHub\/capstone-2023-18\/UnityProject -useHub -hubIPC -cloudEnvironment production -licensingIpc LicenseClient-seonghyun -hubSessionId dd0f7940-b339-11ed-ad85-0f4652c882e9 -accessToken gKYsQ7e2hsON647X0EJGtkrsbTMELFuIcJPT9J4Ilnc00df","communication_protocol_version":"1.5.0","com.unity.ml-agents_version":"2.0.1","scene_name":"TestAI","end_time_seconds":"1678701311"}}