{
    "name": "root",
    "metadata": {
        "timer_format_version": "0.1.0",
        "start_time_seconds": "1680404875",
        "python_version": "3.8.16 (default, Mar  2 2023, 03:21:46) \n[GCC 11.2.0]",
        "command_line_arguments": "/home/hyunji12/anaconda3/envs/unity/bin/mlagents-learn results/testModel37/configuration.yaml --run-id testModel37 --resume",
        "mlagents_version": "0.27.0",
        "mlagents_envs_version": "0.27.0",
        "communication_protocol_version": "1.5.0",
        "pytorch_version": "1.8.1+cu102",
        "numpy_version": "1.20.0",
        "end_time_seconds": "1680404922"
    },
    "total": 46.48994856700301,
    "count": 1,
    "self": 0.003393566992599517,
    "children": {
        "run_training.setup": {
            "total": 0.01311820698902011,
            "count": 1,
            "self": 0.01311820698902011
        },
        "TrainerController.start_learning": {
            "total": 46.47343679302139,
            "count": 1,
            "self": 0.004823186667636037,
            "children": {
                "TrainerController._reset_env": {
                    "total": 12.046432196977548,
                    "count": 1,
                    "self": 12.046432196977548
                },
                "TrainerController.advance": {
                    "total": 34.3580816333415,
                    "count": 263,
                    "self": 0.004371740389615297,
                    "children": {
                        "env_step": {
                            "total": 33.290098533034325,
                            "count": 263,
                            "self": 33.1866457950091,
                            "children": {
                                "SubprocessEnvManager._take_step": {
                                    "total": 0.10106929298490286,
                                    "count": 263,
                                    "self": 0.006150008819531649,
                                    "children": {
                                        "TorchPolicy.evaluate": {
                                            "total": 0.09491928416537121,
                                            "count": 62,
                                            "self": 0.02467947086552158,
                                            "children": {
                                                "TorchPolicy.sample_actions": {
                                                    "total": 0.07023981329984963,
                                                    "count": 62,
                                                    "self": 0.07023981329984963
                                                }
                                            }
                                        }
                                    }
                                },
                                "workers": {
                                    "total": 0.00238344504032284,
                                    "count": 262,
                                    "self": 0.0,
                                    "children": {
                                        "worker_root": {
                                            "total": 46.34088963002432,
                                            "count": 262,
                                            "is_parallel": true,
                                            "self": 14.517984613252338,
                                            "children": {
                                                "run_training.setup": {
                                                    "total": 0.0,
                                                    "count": 0,
                                                    "is_parallel": true,
                                                    "self": 0.0,
                                                    "children": {
                                                        "steps_from_proto": {
                                                            "total": 0.0032602110295556486,
                                                            "count": 1,
                                                            "is_parallel": true,
                                                            "self": 0.0017674170667305589,
                                                            "children": {
                                                                "_process_rank_one_or_two_observation": {
                                                                    "total": 0.0014927939628250897,
                                                                    "count": 4,
                                                                    "is_parallel": true,
                                                                    "self": 0.0014927939628250897
                                                                }
                                                            }
                                                        },
                                                        "UnityEnvironment.step": {
                                                            "total": 0.9468333710101433,
                                                            "count": 1,
                                                            "is_parallel": true,
                                                            "self": 0.0005638989387080073,
                                                            "children": {
                                                                "UnityEnvironment._generate_step_input": {
                                                                    "total": 0.0009052230161614716,
                                                                    "count": 1,
                                                                    "is_parallel": true,
                                                                    "self": 0.0009052230161614716
                                                                },
                                                                "communicator.exchange": {
                                                                    "total": 0.9440484360093251,
                                                                    "count": 1,
                                                                    "is_parallel": true,
                                                                    "self": 0.9440484360093251
                                                                },
                                                                "steps_from_proto": {
                                                                    "total": 0.0013158130459487438,
                                                                    "count": 1,
                                                                    "is_parallel": true,
                                                                    "self": 0.00028105004457756877,
                                                                    "children": {
                                                                        "_process_rank_one_or_two_observation": {
                                                                            "total": 0.001034763001371175,
                                                                            "count": 4,
                                                                            "is_parallel": true,